claim_id,claim,maturity,paper_or_proof,tests_or_checker,experiment_or_runner,raw_result,figure_or_table,evidence_interpretation,fresh_recheck
C1,"Surface declarations have finite, total semantics for seven retention primitives and seven monitor forms",specified,artifact/language.md; paper Sec. III,tests/test_portfolio.py,tools/check_language.py,results/language-check.json,Fig. 2; Table II,proved for primitive transition definitions; finite-checked for compiler implementation,"2026-09-16: 1,117 extensional cells matched an independent interpreter"
C2,Compilation preserves the direct trace semantics of every supported primitive,proved,Theorem 1 in paper; proof in proofs/portfolio.md and supplement Sec. III,test_all_declarations_match_independent_language_semantics,tools/check_language.py,results/language-check.json,Theorem 1; Table II,written induction proof plus independent finite implementation check,2026-09-16: no mismatch across 12 declarations
C3,A selected retention portfolio is safe for all planned updates iff it hits every history-pair separator,proved,Theorem 2 in paper; proofs/portfolio.md; supplement Sec. II,test_unary_catalogue_prefix_matches_independent_checker; test_binary_catalogue_count_and_prefix,tools/portfolio_campaign.py,results/portfolio/unary-catalogue.csv; results/portfolio/binary-catalogue.csv,Theorem 2; Fig. 1,general finite proof; exhaustive bounded checks are corroboration,"2026-09-16: 98,304 masks, zero safety-equivalence mismatch"
C4,A zero separator is exactly a proof that no candidate portfolio is safe,proved,Corollary 1 in paper; proofs/portfolio.md,test_infeasible_catalogue_has_replayable_zero_separator,tools/portfolio_campaign.py,results/portfolio/example-certificates.json,Corollary 1; Fig. 1,general finite proof plus replayable named example,2026-09-16: marginals-only catalogue infeasible certificate verified
C5,Minimum-cost safe retention is minimum-weight hitting set over the obstruction basis,proved,Theorem 3 in paper; proofs/portfolio.md; supplement Sec. II,test_optimal_certificate_rejects_cheaper_unsafe_claim; catalogue tests,tools/portfolio_campaign.py,results/portfolio/summary.json,Theorem 3; Tables III–IV,mathematical reduction; branch-and-bound implementation checked against exhaustive oracle in bounded catalogues,"2026-09-16: 20,480 problems, zero optimizer mismatch; positive bases/maps independently rechecked"
C6,"The reference optimizer returns the specified deterministic order: cost, then cardinality, then mask",finite-checked,paper Sec. IV-B; implementation portfolio.py,test_class_coverage_tie_prefers_one_atom; test_weighted_greedy_counterexample,tools/portfolio_campaign.py,results/portfolio/example-results.json,Tables III–IV,"implementation property, not a mathematical novelty claim",2026-09-16: exhaustive oracle agreement in both catalogues
C7,"For an unsafe portfolio, the producer returns a globally minimum total-event paired replay certificate",proved,Theorem 4 in paper; proofs/portfolio.md; supplement Sec. II,test_unsafe_certificate_rejects_tampering; catalogue tests,tools/portfolio_campaign.py,results/portfolio/unary-catalogue.csv; example-certificates.json,Theorem 4; Fig. 1,written shortest-path proof; direct word oracle checks bounded unary cases,2026-09-16: zero minimum-witness mismatch and zero certificate failure
C8,The 12 shipped declarations compile to the finite model and all reported certificates verify,finite-checked,"paper Secs. III, VII; supplement Secs. V–VII",test_all_declarations_compile_and_analysis_matches_checker,tools/portfolio_campaign.py,results/portfolio/example-results.json; example-certificates.json,Tables III–IV,"named bounded examples, not external workload prevalence","2026-09-16: 11 feasible, 1 infeasible; positive and negative certificates valid under strict schemas"
C9,Joint planning beats the union of per-update optima in three shipped declarations,measured,"paper Secs. IV-C, VII-C",test_threshold_family_global_sharing,tools/portfolio_campaign.py,results/portfolio/example-results.json,Tables III–IV,exact result for shipped declarations only,"2026-09-16: rolling-pattern, threshold-family, weighted-greedy-trap"
C10,Greedy costs 11 while exact optimum costs 10 in weighted-greedy-trap,measured,paper Sec. VII-C; supplement declaration inventory,test_weighted_greedy_counterexample,tools/portfolio_campaign.py,results/portfolio/example-results.json,Table IV,"constructed deterministic counterexample, not average-case performance",2026-09-16: certificate and exhaustive optimum verified
C11,One-cell monitor mutations expose unsafe old portfolios and cost changes without certificate failures,measured,paper Sec. VII-D; supplement Sec. VIII,portfolio declaration/checker tests,tools/portfolio_campaign.py,results/portfolio/mutation-results.csv; summary.json,Table V,complete valid one-cell mutations of the 12 shipped monitors; no distributional generalization,2026-09-16: 571 mutations; 188 unsafe; 172 infeasible; +15/-41 cost; 0 cert failures
C12,The legacy single-summary criterion agrees with an independent map/word oracle over the complete declared finite space,finite-checked,paper Sec. V-D; supplement Sec. IX; proofs/migration.md,tests/test_core.py,tools/campaign.py; tools/summarize.py,results/summary.json; results/exhaustive/*.csv,Supplement Tables VI–VII,"regression foundation, explicitly not the new contribution","2026-09-16: 46,932 cases; zero oracle disagreement; zero invalid certificate"
C13,"Current-output comparison falsely accepts 1,296 and literal-state equality falsely rejects 12,040 legacy cases",measured,paper Sec. V-D; supplement Sec. IX,test_state_equality_false_rejection; full campaign,tools/summarize.py,results/summary.json,Supplement Table VI,exact counts for the predeclared finite table space,2026-09-16: summary reconciled to raw chunks
C14,A clean standalone rerun reproduces all claim-critical scientific records,reproduced,artifact README; paper Sec. VII-E; supplement Sec. X,46 unit/CLI tests,tools/reproduce.py,results/reproduction.json; results/tests.txt,Table II,deterministic record equality; timings excluded; not independent peer review,2026-09-16: final clean standalone extraction matched 18 scientific records after 46 tests
C15,"The method is bounded exact analysis, not a production-scale, probabilistic, learned-model, or unbounded-stream result",boundary,"paper abstract, Sec. VIII-C, conclusion; language.md",parser rejection tests,n/a,n/a,Abstract; limitations,scope restriction required for all claims,2026-09-16: boundary checked across abstract/contributions/conclusion
C16,"The manuscript bibliography is relevance-first, complete, and internally consistent",audited,"paper references; related work; source-notes.md",tests/test_bibliography.py,tools/check_references.py,"results/bibliography-check.json; bibliography-verification.csv; calibration-matrix.csv",References,"68 unique cited entries; zero missing/uncited/duplicate DOI; exact 12 TSE + 5 influential/foundational + 5 adjacent calibration; metadata inspection is recorded but not a claim of exhaustive literature coverage","2026-09-16: offline audit passed and every cited key has a verification-ledger row"
